Reference,Value,Footprint,Description,Package,LCSC,Qty
B1_L1,100uH,L_1008_2520Metric,Inductor,1008,,1
B1_D2,BB833,SOT-23,Transistor,SOT-23,,1
B2_L1,100uH,L_1008_2520Metric,Inductor,1008,,1
B2_D2,BB833,SOT-23,Transistor,SOT-23,,1
B3_L1,100uH,L_1008_2520Metric,Inductor,1008,,1
B3_D2,BB833,SOT-23,Transistor,SOT-23,,1
B4_L1,100uH,L_1008_2520Metric,Inductor,1008,,1
B4_D2,BB833,SOT-23,Transistor,SOT-23,,1
B5_L1,100uH,L_1008_2520Metric,Inductor,1008,,1
B5_D2,BB833,SOT-23,Transistor,SOT-23,,1
B6_L1,100uH,L_1008_2520Metric,Inductor,1008,,1
B6_D2,BB833,SOT-23,Transistor,SOT-23,,1
B7_L1,100uH,L_1008_2520Metric,Inductor,1008,,1
B7_D2,BB833,SOT-23,Transistor,SOT-23,,1
B8_L1,100uH,L_1008_2520Metric,Inductor,1008,,1
B8_D2,BB833,SOT-23,Transistor,SOT-23,,1
B9_L1,100uH,L_1008_2520Metric,Inductor,1008,,1
B9_D2,BB833,SOT-23,Transistor,SOT-23,,1
B10_L1,100uH,L_1008_2520Metric,Inductor,1008,,1
B10_D2,BB833,SOT-23,Transistor,SOT-23,,1
B11_L1,100uH,L_1008_2520Metric,Inductor,1008,,1
B11_D2,BB833,SOT-23,Transistor,SOT-23,,1
B12_L1,100uH,L_1008_2520Metric,Inductor,1008,,1
B12_D2,BB833,SOT-23,Transistor,SOT-23,,1
B13_L1,100uH,L_1008_2520Metric,Inductor,1008,,1
B13_D2,BB833,SOT-23,Transistor,SOT-23,,1
B14_L1,100uH,L_1008_2520Metric,Inductor,1008,,1
B14_D2,BB833,SOT-23,Transistor,SOT-23,,1
B15_L1,100uH,L_1008_2520Metric,Inductor,1008,,1
B15_D2,BB833,SOT-23,Transistor,SOT-23,,1
CB001,Castellated_Edge,,,,,1
CL001,Castellated_Edge,,,,,1
CR001,Castellated_Edge,,,,,1
CT001,Castellated_Edge,,,,,1
CR002,Castellated_Edge,,,,,1
CB002,Castellated_Edge,,,,,1
CT002,Castellated_Edge,,,,,1
CL002,Castellated_Edge,,,,,1
CL003,Castellated_Edge,,,,,1
CB003,Castellated_Edge,,,,,1
CT003,Castellated_Edge,,,,,1
CR003,Castellated_Edge,,,,,1
CT004,Castellated_Edge,,,,,1
CR004,Castellated_Edge,,,,,1
CB004,Castellated_Edge,,,,,1
CL004,Castellated_Edge,,,,,1
CT005,Castellated_Edge,,,,,1
CR005,Castellated_Edge,,,,,1
CL005,Castellated_Edge,,,,,1
CB005,Castellated_Edge,,,,,1
CB006,Castellated_Edge,,,,,1
CL006,Castellated_Edge,,,,,1
CT006,Castellated_Edge,,,,,1
CR006,Castellated_Edge,,,,,1
CT007,Castellated_Edge,,,,,1
CL007,Castellated_Edge,,,,,1
CR007,Castellated_Edge,,,,,1
CB007,Castellated_Edge,,,,,1
CR008,Castellated_Edge,,,,,1
CL008,Castellated_Edge,,,,,1
CB008,Castellated_Edge,,,,,1
CT008,Castellated_Edge,,,,,1
CB009,Castellated_Edge,,,,,1
CR009,Castellated_Edge,,,,,1
CT009,Castellated_Edge,,,,,1
CL009,Castellated_Edge,,,,,1
CT010,Castellated_Edge,,,,,1
CB010,Castellated_Edge,,,,,1
CL010,Castellated_Edge,,,,,1
CR010,Castellated_Edge,,,,,1
CB011,Castellated_Edge,,,,,1
CL011,Castellated_Edge,,,,,1
CT011,Castellated_Edge,,,,,1
CR011,Castellated_Edge,,,,,1
CT012,Castellated_Edge,,,,,1
CR012,Castellated_Edge,,,,,1
CB012,Castellated_Edge,,,,,1
CL012,Castellated_Edge,,,,,1
CT013,Castellated_Edge,,,,,1
CR013,Castellated_Edge,,,,,1
CL013,Castellated_Edge,,,,,1
CB013,Castellated_Edge,,,,,1
CB014,Castellated_Edge,,,,,1
CL014,Castellated_Edge,,,,,1
CR014,Castellated_Edge,,,,,1
CT014,Castellated_Edge,,,,,1
CR015,Castellated_Edge,,,,,1
CB015,Castellated_Edge,,,,,1
CT015,Castellated_Edge,,,,,1
CL015,Castellated_Edge,,,,,1
CT016,Castellated_Edge,,,,,1
CL016,Castellated_Edge,,,,,1
CR016,Castellated_Edge,,,,,1
CB016,Castellated_Edge,,,,,1
CL017,Castellated_Edge,,,,,1
CR017,Castellated_Edge,,,,,1
CT017,Castellated_Edge,,,,,1
CB017,Castellated_Edge,,,,,1
CL018,Castellated_Edge,,,,,1
CR018,Castellated_Edge,,,,,1
CB018,Castellated_Edge,,,,,1
CT018,Castellated_Edge,,,,,1
CB019,Castellated_Edge,,,,,1
CT019,Castellated_Edge,,,,,1
CL019,Castellated_Edge,,,,,1
CR019,Castellated_Edge,,,,,1
CL020,Castellated_Edge,,,,,1
CB020,Castellated_Edge,,,,,1
CR020,Castellated_Edge,,,,,1
CT020,Castellated_Edge,,,,,1
CL021,Castellated_Edge,,,,,1
CT021,Castellated_Edge,,,,,1
CB021,Castellated_Edge,,,,,1
CR021,Castellated_Edge,,,,,1
CT022,Castellated_Edge,,,,,1
CB022,Castellated_Edge,,,,,1
CL022,Castellated_Edge,,,,,1
CR022,Castellated_Edge,,,,,1
CL023,Castellated_Edge,,,,,1
CT023,Castellated_Edge,,,,,1
CR023,Castellated_Edge,,,,,1
CB023,Castellated_Edge,,,,,1
CB024,Castellated_Edge,,,,,1
CL024,Castellated_Edge,,,,,1
CT024,Castellated_Edge,,,,,1
CR024,Castellated_Edge,,,,,1
CT025,Castellated_Edge,,,,,1
CR025,Castellated_Edge,,,,,1
CL025,Castellated_Edge,,,,,1
CB025,Castellated_Edge,,,,,1
CR026,Castellated_Edge,,,,,1
CT026,Castellated_Edge,,,,,1
CB026,Castellated_Edge,,,,,1
CL026,Castellated_Edge,,,,,1
CL027,Castellated_Edge,,,,,1
CT027,Castellated_Edge,,,,,1
CB027,Castellated_Edge,,,,,1
CR027,Castellated_Edge,,,,,1
CL028,Castellated_Edge,,,,,1
CB028,Castellated_Edge,,,,,1
CR028,Castellated_Edge,,,,,1
CT028,Castellated_Edge,,,,,1
CT029,Castellated_Edge,,,,,1
CL029,Castellated_Edge,,,,,1
CB029,Castellated_Edge,,,,,1
CR029,Castellated_Edge,,,,,1
CR030,Castellated_Edge,,,,,1
CL030,Castellated_Edge,,,,,1
CT030,Castellated_Edge,,,,,1
CB030,Castellated_Edge,,,,,1
CR031,Castellated_Edge,,,,,1
CL031,Castellated_Edge,,,,,1
CT031,Castellated_Edge,,,,,1
CB031,Castellated_Edge,,,,,1
CL032,Castellated_Edge,,,,,1
CB032,Castellated_Edge,,,,,1
CR032,Castellated_Edge,,,,,1
CT032,Castellated_Edge,,,,,1
CL033,Castellated_Edge,,,,,1
CT033,Castellated_Edge,,,,,1
CB033,Castellated_Edge,,,,,1
CR033,Castellated_Edge,,,,,1
CT034,Castellated_Edge,,,,,1
CB034,Castellated_Edge,,,,,1
CR034,Castellated_Edge,,,,,1
CL034,Castellated_Edge,,,,,1
N1_C1,10nF,C_0402_1005Metric,Capacitor,0402,,1
N1_Q1,2N3904,SOT-23,Transistor,SOT-23,,1
N1_R1,10M,R_0402_1005Metric,Resistor,0402,,1
N1_U1,LM393,TSSOP-8_4.4x3mm_P0.65mm,IC,TSSOP-8,,1
N1_R2,1k,R_0402_1005Metric,Resistor,0402,,1
N1_Q2,BSS138,SOT-23,Transistor,SOT-23,,1
N1_R3,100,R_0402_1005Metric,Resistor,0402,,1
N1_R4,100k,R_0402_1005Metric,Resistor,0402,,1
N1_R5,100k,R_0402_1005Metric,Resistor,0402,,1
N1_R6,10k,R_0402_1005Metric,Resistor,0402,,1
N2_U1,LM393,TSSOP-8_4.4x3mm_P0.65mm,IC,TSSOP-8,,1
N2_R1,10M,R_0402_1005Metric,Resistor,0402,,1
N2_Q1,2N3904,SOT-23,Transistor,SOT-23,,1
N2_C1,10nF,C_0402_1005Metric,Capacitor,0402,,1
N2_R2,1k,R_0402_1005Metric,Resistor,0402,,1
N2_Q2,BSS138,SOT-23,Transistor,SOT-23,,1
N2_R3,100,R_0402_1005Metric,Resistor,0402,,1
N2_R4,100k,R_0402_1005Metric,Resistor,0402,,1
N2_R5,100k,R_0402_1005Metric,Resistor,0402,,1
N2_R6,10k,R_0402_1005Metric,Resistor,0402,,1
N3_U1,LM393,TSSOP-8_4.4x3mm_P0.65mm,IC,TSSOP-8,,1
N3_R1,10M,R_0402_1005Metric,Resistor,0402,,1
N3_Q1,2N3904,SOT-23,Transistor,SOT-23,,1
N3_C1,10nF,C_0402_1005Metric,Capacitor,0402,,1
N3_R2,1k,R_0402_1005Metric,Resistor,0402,,1
N3_Q2,BSS138,SOT-23,Transistor,SOT-23,,1
N3_R3,100,R_0402_1005Metric,Resistor,0402,,1
N3_R4,100k,R_0402_1005Metric,Resistor,0402,,1
N3_R5,100k,R_0402_1005Metric,Resistor,0402,,1
N3_R6,10k,R_0402_1005Metric,Resistor,0402,,1
N4_U1,LM393,TSSOP-8_4.4x3mm_P0.65mm,IC,TSSOP-8,,1
N4_R1,10M,R_0402_1005Metric,Resistor,0402,,1
N4_C1,10nF,C_0402_1005Metric,Capacitor,0402,,1
N4_Q1,2N3904,SOT-23,Transistor,SOT-23,,1
N4_Q2,BSS138,SOT-23,Transistor,SOT-23,,1
N4_R2,1k,R_0402_1005Metric,Resistor,0402,,1
N4_R3,100,R_0402_1005Metric,Resistor,0402,,1
N4_R4,100k,R_0402_1005Metric,Resistor,0402,,1
N4_R5,100k,R_0402_1005Metric,Resistor,0402,,1
N4_R6,10k,R_0402_1005Metric,Resistor,0402,,1
N5_Q1,2N3904,SOT-23,Transistor,SOT-23,,1
N5_U1,LM393,TSSOP-8_4.4x3mm_P0.65mm,IC,TSSOP-8,,1
N5_R1,10M,R_0402_1005Metric,Resistor,0402,,1
N5_C1,10nF,C_0402_1005Metric,Capacitor,0402,,1
N5_R2,1k,R_0402_1005Metric,Resistor,0402,,1
N5_Q2,BSS138,SOT-23,Transistor,SOT-23,,1
N5_R3,100,R_0402_1005Metric,Resistor,0402,,1
N5_R4,100k,R_0402_1005Metric,Resistor,0402,,1
N5_R5,100k,R_0402_1005Metric,Resistor,0402,,1
N5_R6,10k,R_0402_1005Metric,Resistor,0402,,1
N6_R1,10M,R_0402_1005Metric,Resistor,0402,,1
N6_Q1,2N3904,SOT-23,Transistor,SOT-23,,1
N6_U1,LM393,TSSOP-8_4.4x3mm_P0.65mm,IC,TSSOP-8,,1
N6_C1,10nF,C_0402_1005Metric,Capacitor,0402,,1
N6_Q2,BSS138,SOT-23,Transistor,SOT-23,,1
N6_R2,1k,R_0402_1005Metric,Resistor,0402,,1
N6_R3,100,R_0402_1005Metric,Resistor,0402,,1
N6_R4,100k,R_0402_1005Metric,Resistor,0402,,1
N6_R5,100k,R_0402_1005Metric,Resistor,0402,,1
N6_R6,10k,R_0402_1005Metric,Resistor,0402,,1
N7_C1,10nF,C_0402_1005Metric,Capacitor,0402,,1
N7_U1,LM393,TSSOP-8_4.4x3mm_P0.65mm,IC,TSSOP-8,,1
N7_R1,10M,R_0402_1005Metric,Resistor,0402,,1
N7_Q1,2N3904,SOT-23,Transistor,SOT-23,,1
N7_Q2,BSS138,SOT-23,Transistor,SOT-23,,1
N7_R2,1k,R_0402_1005Metric,Resistor,0402,,1
N7_R3,100,R_0402_1005Metric,Resistor,0402,,1
N7_R4,100k,R_0402_1005Metric,Resistor,0402,,1
N7_R5,100k,R_0402_1005Metric,Resistor,0402,,1
N7_R6,10k,R_0402_1005Metric,Resistor,0402,,1
N8_Q1,2N3904,SOT-23,Transistor,SOT-23,,1
N8_U1,LM393,TSSOP-8_4.4x3mm_P0.65mm,IC,TSSOP-8,,1
N8_C1,10nF,C_0402_1005Metric,Capacitor,0402,,1
N8_R1,10M,R_0402_1005Metric,Resistor,0402,,1
N8_R2,1k,R_0402_1005Metric,Resistor,0402,,1
N8_Q2,BSS138,SOT-23,Transistor,SOT-23,,1
N8_R3,100,R_0402_1005Metric,Resistor,0402,,1
N8_R4,100k,R_0402_1005Metric,Resistor,0402,,1
N8_R5,100k,R_0402_1005Metric,Resistor,0402,,1
N8_R6,10k,R_0402_1005Metric,Resistor,0402,,1
N9_U1,LM393,TSSOP-8_4.4x3mm_P0.65mm,IC,TSSOP-8,,1
N9_R1,10M,R_0402_1005Metric,Resistor,0402,,1
N9_Q1,2N3904,SOT-23,Transistor,SOT-23,,1
N9_C1,10nF,C_0402_1005Metric,Capacitor,0402,,1
N9_R2,1k,R_0402_1005Metric,Resistor,0402,,1
N9_Q2,BSS138,SOT-23,Transistor,SOT-23,,1
N9_R3,100,R_0402_1005Metric,Resistor,0402,,1
N9_R4,100k,R_0402_1005Metric,Resistor,0402,,1
N9_R5,100k,R_0402_1005Metric,Resistor,0402,,1
N9_R6,10k,R_0402_1005Metric,Resistor,0402,,1
N10_C1,10nF,C_0402_1005Metric,Capacitor,0402,,1
N10_R1,10M,R_0402_1005Metric,Resistor,0402,,1
N10_Q1,2N3904,SOT-23,Transistor,SOT-23,,1
N10_U1,LM393,TSSOP-8_4.4x3mm_P0.65mm,IC,TSSOP-8,,1
N10_Q2,BSS138,SOT-23,Transistor,SOT-23,,1
N10_R2,1k,R_0402_1005Metric,Resistor,0402,,1
N10_R3,100,R_0402_1005Metric,Resistor,0402,,1
N10_R4,100k,R_0402_1005Metric,Resistor,0402,,1
N10_R5,100k,R_0402_1005Metric,Resistor,0402,,1
N10_R6,10k,R_0402_1005Metric,Resistor,0402,,1
N11_C1,10nF,C_0402_1005Metric,Capacitor,0402,,1
N11_R1,10M,R_0402_1005Metric,Resistor,0402,,1
N11_Q1,2N3904,SOT-23,Transistor,SOT-23,,1
N11_U1,LM393,TSSOP-8_4.4x3mm_P0.65mm,IC,TSSOP-8,,1
N11_Q2,BSS138,SOT-23,Transistor,SOT-23,,1
N11_R2,1k,R_0402_1005Metric,Resistor,0402,,1
N11_R3,100,R_0402_1005Metric,Resistor,0402,,1
N11_R4,100k,R_0402_1005Metric,Resistor,0402,,1
N11_R5,100k,R_0402_1005Metric,Resistor,0402,,1
N11_R6,10k,R_0402_1005Metric,Resistor,0402,,1
N12_U1,LM393,TSSOP-8_4.4x3mm_P0.65mm,IC,TSSOP-8,,1
N12_C1,10nF,C_0402_1005Metric,Capacitor,0402,,1
N12_Q1,2N3904,SOT-23,Transistor,SOT-23,,1
N12_R1,10M,R_0402_1005Metric,Resistor,0402,,1
N12_Q2,BSS138,SOT-23,Transistor,SOT-23,,1
N12_R2,1k,R_0402_1005Metric,Resistor,0402,,1
N12_R3,100,R_0402_1005Metric,Resistor,0402,,1
N12_R4,100k,R_0402_1005Metric,Resistor,0402,,1
N12_R5,100k,R_0402_1005Metric,Resistor,0402,,1
N12_R6,10k,R_0402_1005Metric,Resistor,0402,,1
N13_Q1,2N3904,SOT-23,Transistor,SOT-23,,1
N13_R1,10M,R_0402_1005Metric,Resistor,0402,,1
N13_C1,10nF,C_0402_1005Metric,Capacitor,0402,,1
N13_U1,LM393,TSSOP-8_4.4x3mm_P0.65mm,IC,TSSOP-8,,1
N13_Q2,BSS138,SOT-23,Transistor,SOT-23,,1
N13_R2,1k,R_0402_1005Metric,Resistor,0402,,1
N13_R3,100,R_0402_1005Metric,Resistor,0402,,1
N13_R4,100k,R_0402_1005Metric,Resistor,0402,,1
N13_R5,100k,R_0402_1005Metric,Resistor,0402,,1
N13_R6,10k,R_0402_1005Metric,Resistor,0402,,1
N14_C1,10nF,C_0402_1005Metric,Capacitor,0402,,1
N14_Q1,2N3904,SOT-23,Transistor,SOT-23,,1
N14_R1,10M,R_0402_1005Metric,Resistor,0402,,1
N14_U1,LM393,TSSOP-8_4.4x3mm_P0.65mm,IC,TSSOP-8,,1
N14_Q2,BSS138,SOT-23,Transistor,SOT-23,,1
N14_R2,1k,R_0402_1005Metric,Resistor,0402,,1
N14_R3,100,R_0402_1005Metric,Resistor,0402,,1
N14_R4,100k,R_0402_1005Metric,Resistor,0402,,1
N14_R5,100k,R_0402_1005Metric,Resistor,0402,,1
N14_R6,10k,R_0402_1005Metric,Resistor,0402,,1
N15_R1,10M,R_0402_1005Metric,Resistor,0402,,1
N15_Q1,2N3904,SOT-23,Transistor,SOT-23,,1
N15_C1,10nF,C_0402_1005Metric,Capacitor,0402,,1
N15_U1,LM393,TSSOP-8_4.4x3mm_P0.65mm,IC,TSSOP-8,,1
N15_R2,1k,R_0402_1005Metric,Resistor,0402,,1
N15_Q2,BSS138,SOT-23,Transistor,SOT-23,,1
N15_R3,100,R_0402_1005Metric,Resistor,0402,,1
N15_R4,100k,R_0402_1005Metric,Resistor,0402,,1
N15_R5,100k,R_0402_1005Metric,Resistor,0402,,1
N15_R6,10k,R_0402_1005Metric,Resistor,0402,,1
N16_Q1,2N3904,SOT-23,Transistor,SOT-23,,1
N16_U1,LM393,TSSOP-8_4.4x3mm_P0.65mm,IC,TSSOP-8,,1
N16_C1,10nF,C_0402_1005Metric,Capacitor,0402,,1
N16_R1,10M,R_0402_1005Metric,Resistor,0402,,1
N16_R2,1k,R_0402_1005Metric,Resistor,0402,,1
N16_Q2,BSS138,SOT-23,Transistor,SOT-23,,1
N16_R3,100,R_0402_1005Metric,Resistor,0402,,1
N16_R4,100k,R_0402_1005Metric,Resistor,0402,,1
N16_R5,100k,R_0402_1005Metric,Resistor,0402,,1
N16_R6,10k,R_0402_1005Metric,Resistor,0402,,1
