Ref,Val,Package,PosX,PosY,Rot,Side
"B1_D2","BB833","SOT-23",5.000000,-58.000000,0.000000,top
"B1_L1","100uH","L_1008_2520Metric",9.000000,-58.000000,0.000000,top
"B2_D2","BB833","SOT-23",13.000000,-58.000000,0.000000,top
"B2_L1","100uH","L_1008_2520Metric",17.000000,-58.000000,0.000000,top
"B3_D2","BB833","SOT-23",21.000000,-58.000000,0.000000,top
"B3_L1","100uH","L_1008_2520Metric",25.000000,-58.000000,0.000000,top
"B4_D2","BB833","SOT-23",29.000000,-58.000000,0.000000,top
"B4_L1","100uH","L_1008_2520Metric",33.000000,-58.000000,0.000000,top
"B5_D2","BB833","SOT-23",37.000000,-58.000000,0.000000,top
"B5_L1","100uH","L_1008_2520Metric",41.000000,-58.000000,0.000000,top
"B6_D2","BB833","SOT-23",45.000000,-58.000000,0.000000,top
"B6_L1","100uH","L_1008_2520Metric",49.000000,-58.000000,0.000000,top
"B7_D2","BB833","SOT-23",53.000000,-58.000000,0.000000,top
"B7_L1","100uH","L_1008_2520Metric",57.000000,-58.000000,0.000000,top
"B8_D2","BB833","SOT-23",61.000000,-58.000000,0.000000,top
"B8_L1","100uH","L_1008_2520Metric",65.000000,-58.000000,0.000000,top
"B9_D2","BB833","SOT-23",5.000000,-62.500000,0.000000,top
"B9_L1","100uH","L_1008_2520Metric",9.000000,-62.500000,0.000000,top
"B10_D2","BB833","SOT-23",13.000000,-62.500000,0.000000,top
"B10_L1","100uH","L_1008_2520Metric",17.000000,-62.500000,0.000000,top
"B11_D2","BB833","SOT-23",21.000000,-62.500000,0.000000,top
"B11_L1","100uH","L_1008_2520Metric",25.000000,-62.500000,0.000000,top
"B12_D2","BB833","SOT-23",29.000000,-62.500000,0.000000,top
"B12_L1","100uH","L_1008_2520Metric",33.000000,-62.500000,0.000000,top
"B13_D2","BB833","SOT-23",37.000000,-62.500000,0.000000,top
"B13_L1","100uH","L_1008_2520Metric",41.000000,-62.500000,0.000000,top
"B14_D2","BB833","SOT-23",45.000000,-62.500000,0.000000,top
"B14_L1","100uH","L_1008_2520Metric",49.000000,-62.500000,0.000000,top
"B15_D2","BB833","SOT-23",53.000000,-62.500000,0.000000,top
"B15_L1","100uH","L_1008_2520Metric",57.000000,-62.500000,0.000000,top
"CB001","Castellated_Edge","",3.000000,-70.000000,180.000000,top
"CB002","Castellated_Edge","",5.000000,-70.000000,180.000000,top
"CB003","Castellated_Edge","",7.000000,-70.000000,180.000000,top
"CB004","Castellated_Edge","",9.000000,-70.000000,180.000000,top
"CB005","Castellated_Edge","",11.000000,-70.000000,180.000000,top
"CB006","Castellated_Edge","",13.000000,-70.000000,180.000000,top
"CB007","Castellated_Edge","",15.000000,-70.000000,180.000000,top
"CB008","Castellated_Edge","",17.000000,-70.000000,180.000000,top
"CB009","Castellated_Edge","",19.000000,-70.000000,180.000000,top
"CB010","Castellated_Edge","",21.000000,-70.000000,180.000000,top
"CB011","Castellated_Edge","",23.000000,-70.000000,180.000000,top
"CB012","Castellated_Edge","",25.000000,-70.000000,180.000000,top
"CB013","Castellated_Edge","",27.000000,-70.000000,180.000000,top
"CB014","Castellated_Edge","",29.000000,-70.000000,180.000000,top
"CB015","Castellated_Edge","",31.000000,-70.000000,180.000000,top
"CB016","Castellated_Edge","",33.000000,-70.000000,180.000000,top
"CB017","Castellated_Edge","",35.000000,-70.000000,180.000000,top
"CB018","Castellated_Edge","",37.000000,-70.000000,180.000000,top
"CB019","Castellated_Edge","",39.000000,-70.000000,180.000000,top
"CB020","Castellated_Edge","",41.000000,-70.000000,180.000000,top
"CB021","Castellated_Edge","",43.000000,-70.000000,180.000000,top
"CB022","Castellated_Edge","",45.000000,-70.000000,180.000000,top
"CB023","Castellated_Edge","",47.000000,-70.000000,180.000000,top
"CB024","Castellated_Edge","",49.000000,-70.000000,180.000000,top
"CB025","Castellated_Edge","",51.000000,-70.000000,180.000000,top
"CB026","Castellated_Edge","",53.000000,-70.000000,180.000000,top
"CB027","Castellated_Edge","",55.000000,-70.000000,180.000000,top
"CB028","Castellated_Edge","",57.000000,-70.000000,180.000000,top
"CB029","Castellated_Edge","",59.000000,-70.000000,180.000000,top
"CB030","Castellated_Edge","",61.000000,-70.000000,180.000000,top
"CB031","Castellated_Edge","",63.000000,-70.000000,180.000000,top
"CB032","Castellated_Edge","",65.000000,-70.000000,180.000000,top
"CB033","Castellated_Edge","",67.000000,-70.000000,180.000000,top
"CB034","Castellated_Edge","",69.000000,-70.000000,180.000000,top
"CL001","Castellated_Edge","",0.000000,-3.000000,-90.000000,top
"CL002","Castellated_Edge","",0.000000,-5.000000,-90.000000,top
"CL003","Castellated_Edge","",0.000000,-7.000000,-90.000000,top
"CL004","Castellated_Edge","",0.000000,-9.000000,-90.000000,top
"CL005","Castellated_Edge","",0.000000,-11.000000,-90.000000,top
"CL006","Castellated_Edge","",0.000000,-13.000000,-90.000000,top
"CL007","Castellated_Edge","",0.000000,-15.000000,-90.000000,top
"CL008","Castellated_Edge","",0.000000,-17.000000,-90.000000,top
"CL009","Castellated_Edge","",0.000000,-19.000000,-90.000000,top
"CL010","Castellated_Edge","",0.000000,-21.000000,-90.000000,top
"CL011","Castellated_Edge","",0.000000,-23.000000,-90.000000,top
"CL012","Castellated_Edge","",0.000000,-25.000000,-90.000000,top
"CL013","Castellated_Edge","",0.000000,-27.000000,-90.000000,top
"CL014","Castellated_Edge","",0.000000,-29.000000,-90.000000,top
"CL015","Castellated_Edge","",0.000000,-31.000000,-90.000000,top
"CL016","Castellated_Edge","",0.000000,-33.000000,-90.000000,top
"CL017","Castellated_Edge","",0.000000,-35.000000,-90.000000,top
"CL018","Castellated_Edge","",0.000000,-37.000000,-90.000000,top
"CL019","Castellated_Edge","",0.000000,-39.000000,-90.000000,top
"CL020","Castellated_Edge","",0.000000,-41.000000,-90.000000,top
"CL021","Castellated_Edge","",0.000000,-43.000000,-90.000000,top
"CL022","Castellated_Edge","",0.000000,-45.000000,-90.000000,top
"CL023","Castellated_Edge","",0.000000,-47.000000,-90.000000,top
"CL024","Castellated_Edge","",0.000000,-49.000000,-90.000000,top
"CL025","Castellated_Edge","",0.000000,-51.000000,-90.000000,top
"CL026","Castellated_Edge","",0.000000,-53.000000,-90.000000,top
"CL027","Castellated_Edge","",0.000000,-55.000000,-90.000000,top
"CL028","Castellated_Edge","",0.000000,-57.000000,-90.000000,top
"CL029","Castellated_Edge","",0.000000,-59.000000,-90.000000,top
"CL030","Castellated_Edge","",0.000000,-61.000000,-90.000000,top
"CL031","Castellated_Edge","",0.000000,-63.000000,-90.000000,top
"CL032","Castellated_Edge","",0.000000,-65.000000,-90.000000,top
"CL033","Castellated_Edge","",0.000000,-67.000000,-90.000000,top
"CL034","Castellated_Edge","",0.000000,-69.000000,-90.000000,top
"CR001","Castellated_Edge","",70.000000,-3.000000,90.000000,top
"CR002","Castellated_Edge","",70.000000,-5.000000,90.000000,top
"CR003","Castellated_Edge","",70.000000,-7.000000,90.000000,top
"CR004","Castellated_Edge","",70.000000,-9.000000,90.000000,top
"CR005","Castellated_Edge","",70.000000,-11.000000,90.000000,top
"CR006","Castellated_Edge","",70.000000,-13.000000,90.000000,top
"CR007","Castellated_Edge","",70.000000,-15.000000,90.000000,top
"CR008","Castellated_Edge","",70.000000,-17.000000,90.000000,top
"CR009","Castellated_Edge","",70.000000,-19.000000,90.000000,top
"CR010","Castellated_Edge","",70.000000,-21.000000,90.000000,top
"CR011","Castellated_Edge","",70.000000,-23.000000,90.000000,top
"CR012","Castellated_Edge","",70.000000,-25.000000,90.000000,top
"CR013","Castellated_Edge","",70.000000,-27.000000,90.000000,top
"CR014","Castellated_Edge","",70.000000,-29.000000,90.000000,top
"CR015","Castellated_Edge","",70.000000,-31.000000,90.000000,top
"CR016","Castellated_Edge","",70.000000,-33.000000,90.000000,top
"CR017","Castellated_Edge","",70.000000,-35.000000,90.000000,top
"CR018","Castellated_Edge","",70.000000,-37.000000,90.000000,top
"CR019","Castellated_Edge","",70.000000,-39.000000,90.000000,top
"CR020","Castellated_Edge","",70.000000,-41.000000,90.000000,top
"CR021","Castellated_Edge","",70.000000,-43.000000,90.000000,top
"CR022","Castellated_Edge","",70.000000,-45.000000,90.000000,top
"CR023","Castellated_Edge","",70.000000,-47.000000,90.000000,top
"CR024","Castellated_Edge","",70.000000,-49.000000,90.000000,top
"CR025","Castellated_Edge","",70.000000,-51.000000,90.000000,top
"CR026","Castellated_Edge","",70.000000,-53.000000,90.000000,top
"CR027","Castellated_Edge","",70.000000,-55.000000,90.000000,top
"CR028","Castellated_Edge","",70.000000,-57.000000,90.000000,top
"CR029","Castellated_Edge","",70.000000,-59.000000,90.000000,top
"CR030","Castellated_Edge","",70.000000,-61.000000,90.000000,top
"CR031","Castellated_Edge","",70.000000,-63.000000,90.000000,top
"CR032","Castellated_Edge","",70.000000,-65.000000,90.000000,top
"CR033","Castellated_Edge","",70.000000,-67.000000,90.000000,top
"CR034","Castellated_Edge","",70.000000,-69.000000,90.000000,top
"CT001","Castellated_Edge","",3.000000,0.000000,0.000000,top
"CT002","Castellated_Edge","",5.000000,0.000000,0.000000,top
"CT003","Castellated_Edge","",7.000000,0.000000,0.000000,top
"CT004","Castellated_Edge","",9.000000,0.000000,0.000000,top
"CT005","Castellated_Edge","",11.000000,0.000000,0.000000,top
"CT006","Castellated_Edge","",13.000000,0.000000,0.000000,top
"CT007","Castellated_Edge","",15.000000,0.000000,0.000000,top
"CT008","Castellated_Edge","",17.000000,0.000000,0.000000,top
"CT009","Castellated_Edge","",19.000000,0.000000,0.000000,top
"CT010","Castellated_Edge","",21.000000,0.000000,0.000000,top
"CT011","Castellated_Edge","",23.000000,0.000000,0.000000,top
"CT012","Castellated_Edge","",25.000000,0.000000,0.000000,top
"CT013","Castellated_Edge","",27.000000,0.000000,0.000000,top
"CT014","Castellated_Edge","",29.000000,0.000000,0.000000,top
"CT015","Castellated_Edge","",31.000000,0.000000,0.000000,top
"CT016","Castellated_Edge","",33.000000,0.000000,0.000000,top
"CT017","Castellated_Edge","",35.000000,0.000000,0.000000,top
"CT018","Castellated_Edge","",37.000000,0.000000,0.000000,top
"CT019","Castellated_Edge","",39.000000,0.000000,0.000000,top
"CT020","Castellated_Edge","",41.000000,0.000000,0.000000,top
"CT021","Castellated_Edge","",43.000000,0.000000,0.000000,top
"CT022","Castellated_Edge","",45.000000,0.000000,0.000000,top
"CT023","Castellated_Edge","",47.000000,0.000000,0.000000,top
"CT024","Castellated_Edge","",49.000000,0.000000,0.000000,top
"CT025","Castellated_Edge","",51.000000,0.000000,0.000000,top
"CT026","Castellated_Edge","",53.000000,0.000000,0.000000,top
"CT027","Castellated_Edge","",55.000000,0.000000,0.000000,top
"CT028","Castellated_Edge","",57.000000,0.000000,0.000000,top
"CT029","Castellated_Edge","",59.000000,0.000000,0.000000,top
"CT030","Castellated_Edge","",61.000000,0.000000,0.000000,top
"CT031","Castellated_Edge","",63.000000,0.000000,0.000000,top
"CT032","Castellated_Edge","",65.000000,0.000000,0.000000,top
"CT033","Castellated_Edge","",67.000000,0.000000,0.000000,top
"CT034","Castellated_Edge","",69.000000,0.000000,0.000000,top
"N1_C1","10nF","C_0402_1005Metric",11.000000,-6.000000,0.000000,top
"N1_Q1","2N3904","SOT-23",5.000000,-6.400000,0.000000,top
"N1_Q2","BSS138","SOT-23",17.000000,-6.400000,0.000000,top
"N1_R1","10M","R_0402_1005Metric",5.200000,-13.800000,0.000000,top
"N1_R2","1k","R_0402_1005Metric",5.200000,-16.050000,0.000000,top
"N1_R3","100","R_0402_1005Metric",9.200000,-13.800000,0.000000,top
"N1_R4","100k","R_0402_1005Metric",9.200000,-16.050000,0.000000,top
"N1_R5","100k","R_0402_1005Metric",14.000000,-13.800000,0.000000,top
"N1_R6","10k","R_0402_1005Metric",14.000000,-16.050000,0.000000,top
"N1_U1","LM393","TSSOP-8_4.4x3mm_P0.65mm",11.000000,-10.000000,0.000000,top
"N2_C1","10nF","C_0402_1005Metric",27.000000,-6.000000,0.000000,top
"N2_Q1","2N3904","SOT-23",21.000000,-6.400000,0.000000,top
"N2_Q2","BSS138","SOT-23",33.000000,-6.400000,0.000000,top
"N2_R1","10M","R_0402_1005Metric",21.200000,-13.800000,0.000000,top
"N2_R2","1k","R_0402_1005Metric",21.200000,-16.050000,0.000000,top
"N2_R3","100","R_0402_1005Metric",25.200000,-13.800000,0.000000,top
"N2_R4","100k","R_0402_1005Metric",25.200000,-16.050000,0.000000,top
"N2_R5","100k","R_0402_1005Metric",30.000000,-13.800000,0.000000,top
"N2_R6","10k","R_0402_1005Metric",30.000000,-16.050000,0.000000,top
"N2_U1","LM393","TSSOP-8_4.4x3mm_P0.65mm",27.000000,-10.000000,0.000000,top
"N3_C1","10nF","C_0402_1005Metric",43.000000,-6.000000,0.000000,top
"N3_Q1","2N3904","SOT-23",37.000000,-6.400000,0.000000,top
"N3_Q2","BSS138","SOT-23",49.000000,-6.400000,0.000000,top
"N3_R1","10M","R_0402_1005Metric",37.200000,-13.800000,0.000000,top
"N3_R2","1k","R_0402_1005Metric",37.200000,-16.050000,0.000000,top
"N3_R3","100","R_0402_1005Metric",41.200000,-13.800000,0.000000,top
"N3_R4","100k","R_0402_1005Metric",41.200000,-16.050000,0.000000,top
"N3_R5","100k","R_0402_1005Metric",46.000000,-13.800000,0.000000,top
"N3_R6","10k","R_0402_1005Metric",46.000000,-16.050000,0.000000,top
"N3_U1","LM393","TSSOP-8_4.4x3mm_P0.65mm",43.000000,-10.000000,0.000000,top
"N4_C1","10nF","C_0402_1005Metric",59.000000,-6.000000,0.000000,top
"N4_Q1","2N3904","SOT-23",53.000000,-6.400000,0.000000,top
"N4_Q2","BSS138","SOT-23",65.000000,-6.400000,0.000000,top
"N4_R1","10M","R_0402_1005Metric",53.200000,-13.800000,0.000000,top
"N4_R2","1k","R_0402_1005Metric",53.200000,-16.050000,0.000000,top
"N4_R3","100","R_0402_1005Metric",57.200000,-13.800000,0.000000,top
"N4_R4","100k","R_0402_1005Metric",57.200000,-16.050000,0.000000,top
"N4_R5","100k","R_0402_1005Metric",62.000000,-13.800000,0.000000,top
"N4_R6","10k","R_0402_1005Metric",62.000000,-16.050000,0.000000,top
"N4_U1","LM393","TSSOP-8_4.4x3mm_P0.65mm",59.000000,-10.000000,0.000000,top
"N5_C1","10nF","C_0402_1005Metric",11.000000,-18.500000,0.000000,top
"N5_Q1","2N3904","SOT-23",5.000000,-18.900000,0.000000,top
"N5_Q2","BSS138","SOT-23",17.000000,-18.900000,0.000000,top
"N5_R1","10M","R_0402_1005Metric",5.200000,-26.300000,0.000000,top
"N5_R2","1k","R_0402_1005Metric",5.200000,-28.550000,0.000000,top
"N5_R3","100","R_0402_1005Metric",9.200000,-26.300000,0.000000,top
"N5_R4","100k","R_0402_1005Metric",9.200000,-28.550000,0.000000,top
"N5_R5","100k","R_0402_1005Metric",14.000000,-26.300000,0.000000,top
"N5_R6","10k","R_0402_1005Metric",14.000000,-28.550000,0.000000,top
"N5_U1","LM393","TSSOP-8_4.4x3mm_P0.65mm",11.000000,-22.500000,0.000000,top
"N6_C1","10nF","C_0402_1005Metric",27.000000,-18.500000,0.000000,top
"N6_Q1","2N3904","SOT-23",21.000000,-18.900000,0.000000,top
"N6_Q2","BSS138","SOT-23",33.000000,-18.900000,0.000000,top
"N6_R1","10M","R_0402_1005Metric",21.200000,-26.300000,0.000000,top
"N6_R2","1k","R_0402_1005Metric",21.200000,-28.550000,0.000000,top
"N6_R3","100","R_0402_1005Metric",25.200000,-26.300000,0.000000,top
"N6_R4","100k","R_0402_1005Metric",25.200000,-28.550000,0.000000,top
"N6_R5","100k","R_0402_1005Metric",30.000000,-26.300000,0.000000,top
"N6_R6","10k","R_0402_1005Metric",30.000000,-28.550000,0.000000,top
"N6_U1","LM393","TSSOP-8_4.4x3mm_P0.65mm",27.000000,-22.500000,0.000000,top
"N7_C1","10nF","C_0402_1005Metric",43.000000,-18.500000,0.000000,top
"N7_Q1","2N3904","SOT-23",37.000000,-18.900000,0.000000,top
"N7_Q2","BSS138","SOT-23",49.000000,-18.900000,0.000000,top
"N7_R1","10M","R_0402_1005Metric",37.200000,-26.300000,0.000000,top
"N7_R2","1k","R_0402_1005Metric",37.200000,-28.550000,0.000000,top
"N7_R3","100","R_0402_1005Metric",41.200000,-26.300000,0.000000,top
"N7_R4","100k","R_0402_1005Metric",41.200000,-28.550000,0.000000,top
"N7_R5","100k","R_0402_1005Metric",46.000000,-26.300000,0.000000,top
"N7_R6","10k","R_0402_1005Metric",46.000000,-28.550000,0.000000,top
"N7_U1","LM393","TSSOP-8_4.4x3mm_P0.65mm",43.000000,-22.500000,0.000000,top
"N8_C1","10nF","C_0402_1005Metric",59.000000,-18.500000,0.000000,top
"N8_Q1","2N3904","SOT-23",53.000000,-18.900000,0.000000,top
"N8_Q2","BSS138","SOT-23",65.000000,-18.900000,0.000000,top
"N8_R1","10M","R_0402_1005Metric",53.200000,-26.300000,0.000000,top
"N8_R2","1k","R_0402_1005Metric",53.200000,-28.550000,0.000000,top
"N8_R3","100","R_0402_1005Metric",57.200000,-26.300000,0.000000,top
"N8_R4","100k","R_0402_1005Metric",57.200000,-28.550000,0.000000,top
"N8_R5","100k","R_0402_1005Metric",62.000000,-26.300000,0.000000,top
"N8_R6","10k","R_0402_1005Metric",62.000000,-28.550000,0.000000,top
"N8_U1","LM393","TSSOP-8_4.4x3mm_P0.65mm",59.000000,-22.500000,0.000000,top
"N9_C1","10nF","C_0402_1005Metric",11.000000,-31.000000,0.000000,top
"N9_Q1","2N3904","SOT-23",5.000000,-31.400000,0.000000,top
"N9_Q2","BSS138","SOT-23",17.000000,-31.400000,0.000000,top
"N9_R1","10M","R_0402_1005Metric",5.200000,-38.800000,0.000000,top
"N9_R2","1k","R_0402_1005Metric",5.200000,-41.050000,0.000000,top
"N9_R3","100","R_0402_1005Metric",9.200000,-38.800000,0.000000,top
"N9_R4","100k","R_0402_1005Metric",9.200000,-41.050000,0.000000,top
"N9_R5","100k","R_0402_1005Metric",14.000000,-38.800000,0.000000,top
"N9_R6","10k","R_0402_1005Metric",14.000000,-41.050000,0.000000,top
"N9_U1","LM393","TSSOP-8_4.4x3mm_P0.65mm",11.000000,-35.000000,0.000000,top
"N10_C1","10nF","C_0402_1005Metric",27.000000,-31.000000,0.000000,top
"N10_Q1","2N3904","SOT-23",21.000000,-31.400000,0.000000,top
"N10_Q2","BSS138","SOT-23",33.000000,-31.400000,0.000000,top
"N10_R1","10M","R_0402_1005Metric",21.200000,-38.800000,0.000000,top
"N10_R2","1k","R_0402_1005Metric",21.200000,-41.050000,0.000000,top
"N10_R3","100","R_0402_1005Metric",25.200000,-38.800000,0.000000,top
"N10_R4","100k","R_0402_1005Metric",25.200000,-41.050000,0.000000,top
"N10_R5","100k","R_0402_1005Metric",30.000000,-38.800000,0.000000,top
"N10_R6","10k","R_0402_1005Metric",30.000000,-41.050000,0.000000,top
"N10_U1","LM393","TSSOP-8_4.4x3mm_P0.65mm",27.000000,-35.000000,0.000000,top
"N11_C1","10nF","C_0402_1005Metric",43.000000,-31.000000,0.000000,top
"N11_Q1","2N3904","SOT-23",37.000000,-31.400000,0.000000,top
"N11_Q2","BSS138","SOT-23",49.000000,-31.400000,0.000000,top
"N11_R1","10M","R_0402_1005Metric",37.200000,-38.800000,0.000000,top
"N11_R2","1k","R_0402_1005Metric",37.200000,-41.050000,0.000000,top
"N11_R3","100","R_0402_1005Metric",41.200000,-38.800000,0.000000,top
"N11_R4","100k","R_0402_1005Metric",41.200000,-41.050000,0.000000,top
"N11_R5","100k","R_0402_1005Metric",46.000000,-38.800000,0.000000,top
"N11_R6","10k","R_0402_1005Metric",46.000000,-41.050000,0.000000,top
"N11_U1","LM393","TSSOP-8_4.4x3mm_P0.65mm",43.000000,-35.000000,0.000000,top
"N12_C1","10nF","C_0402_1005Metric",59.000000,-31.000000,0.000000,top
"N12_Q1","2N3904","SOT-23",53.000000,-31.400000,0.000000,top
"N12_Q2","BSS138","SOT-23",65.000000,-31.400000,0.000000,top
"N12_R1","10M","R_0402_1005Metric",53.200000,-38.800000,0.000000,top
"N12_R2","1k","R_0402_1005Metric",53.200000,-41.050000,0.000000,top
"N12_R3","100","R_0402_1005Metric",57.200000,-38.800000,0.000000,top
"N12_R4","100k","R_0402_1005Metric",57.200000,-41.050000,0.000000,top
"N12_R5","100k","R_0402_1005Metric",62.000000,-38.800000,0.000000,top
"N12_R6","10k","R_0402_1005Metric",62.000000,-41.050000,0.000000,top
"N12_U1","LM393","TSSOP-8_4.4x3mm_P0.65mm",59.000000,-35.000000,0.000000,top
"N13_C1","10nF","C_0402_1005Metric",11.000000,-43.500000,0.000000,top
"N13_Q1","2N3904","SOT-23",5.000000,-43.900000,0.000000,top
"N13_Q2","BSS138","SOT-23",17.000000,-43.900000,0.000000,top
"N13_R1","10M","R_0402_1005Metric",5.200000,-51.300000,0.000000,top
"N13_R2","1k","R_0402_1005Metric",5.200000,-53.550000,0.000000,top
"N13_R3","100","R_0402_1005Metric",9.200000,-51.300000,0.000000,top
"N13_R4","100k","R_0402_1005Metric",9.200000,-53.550000,0.000000,top
"N13_R5","100k","R_0402_1005Metric",14.000000,-51.300000,0.000000,top
"N13_R6","10k","R_0402_1005Metric",14.000000,-53.550000,0.000000,top
"N13_U1","LM393","TSSOP-8_4.4x3mm_P0.65mm",11.000000,-47.500000,0.000000,top
"N14_C1","10nF","C_0402_1005Metric",27.000000,-43.500000,0.000000,top
"N14_Q1","2N3904","SOT-23",21.000000,-43.900000,0.000000,top
"N14_Q2","BSS138","SOT-23",33.000000,-43.900000,0.000000,top
"N14_R1","10M","R_0402_1005Metric",21.200000,-51.300000,0.000000,top
"N14_R2","1k","R_0402_1005Metric",21.200000,-53.550000,0.000000,top
"N14_R3","100","R_0402_1005Metric",25.200000,-51.300000,0.000000,top
"N14_R4","100k","R_0402_1005Metric",25.200000,-53.550000,0.000000,top
"N14_R5","100k","R_0402_1005Metric",30.000000,-51.300000,0.000000,top
"N14_R6","10k","R_0402_1005Metric",30.000000,-53.550000,0.000000,top
"N14_U1","LM393","TSSOP-8_4.4x3mm_P0.65mm",27.000000,-47.500000,0.000000,top
"N15_C1","10nF","C_0402_1005Metric",43.000000,-43.500000,0.000000,top
"N15_Q1","2N3904","SOT-23",37.000000,-43.900000,0.000000,top
"N15_Q2","BSS138","SOT-23",49.000000,-43.900000,0.000000,top
"N15_R1","10M","R_0402_1005Metric",37.200000,-51.300000,0.000000,top
"N15_R2","1k","R_0402_1005Metric",37.200000,-53.550000,0.000000,top
"N15_R3","100","R_0402_1005Metric",41.200000,-51.300000,0.000000,top
"N15_R4","100k","R_0402_1005Metric",41.200000,-53.550000,0.000000,top
"N15_R5","100k","R_0402_1005Metric",46.000000,-51.300000,0.000000,top
"N15_R6","10k","R_0402_1005Metric",46.000000,-53.550000,0.000000,top
"N15_U1","LM393","TSSOP-8_4.4x3mm_P0.65mm",43.000000,-47.500000,0.000000,top
"N16_C1","10nF","C_0402_1005Metric",59.000000,-43.500000,0.000000,top
"N16_Q1","2N3904","SOT-23",53.000000,-43.900000,0.000000,top
"N16_Q2","BSS138","SOT-23",65.000000,-43.900000,0.000000,top
"N16_R1","10M","R_0402_1005Metric",53.200000,-51.300000,0.000000,top
"N16_R2","1k","R_0402_1005Metric",53.200000,-53.550000,0.000000,top
"N16_R3","100","R_0402_1005Metric",57.200000,-51.300000,0.000000,top
"N16_R4","100k","R_0402_1005Metric",57.200000,-53.550000,0.000000,top
"N16_R5","100k","R_0402_1005Metric",62.000000,-51.300000,0.000000,top
"N16_R6","10k","R_0402_1005Metric",62.000000,-53.550000,0.000000,top
"N16_U1","LM393","TSSOP-8_4.4x3mm_P0.65mm",59.000000,-47.500000,0.000000,top
